sno,name,gender
1,img_1,female
2,img_2,female
3,img_3,female
4,img_4,male
5,img_5,male
6,img_6,female
7,img_7,male
8,img_8,female
9,img_9,female
10,img_10,male
11,img_11,male
12,img_12,female
13,img_13,female
14,img_14,male
15,img_15,female
16,img_16,female
17,img_17,female
18,img_18,female
19,img_19,male
20,img_20,male
21,img_21,female
22,img_22,female
23,img_23,male
24,img_24,female
25,img_25,female
26,img_26,female
27,img_27,male
28,img_28,female
29,img_29,female
30,img_30,female
31,img_31,male
32,img_32,female
33,img_33,male
34,img_34,male
35,img_35,male
36,img_36,female
37,img_37,female
38,img_38,female
39,img_39,male
40,img_40,female
41,img_41,female
42,img_42,female
43,img_43,male
44,img_44,female
45,img_45,female
46,img_46,female
47,img_47,female
48,img_48,male
49,img_49,male
50,img_50,female
51,img_51,male
52,img_52,male
53,img_53,female
54,img_54,female
55,img_55,male
56,img_56,male
57,img_57,male
58,img_58,female
59,img_59,female
60,img_60,female
61,img_61,male
62,img_62,female
63,img_63,male
64,img_64,female
65,img_65,male
66,img_66,female
67,img_67,female
68,img_68,female
69,img_69,female
70,img_70,male
71,img_71,female
72,img_72,male
73,img_73,female
74,img_74,female
75,img_75,female
76,img_76,female
77,img_77,male
78,img_78,male
79,img_79,male
80,img_80,female
81,img_81,female
82,img_82,female
83,img_83,female
84,img_84,female
85,img_85,female
86,img_86,female
87,img_87,male
88,img_88,male
89,img_89,female
90,img_90,female
91,img_91,male
92,img_92,male
93,img_93,male
94,img_94,female
95,img_95,female
96,img_96,male
97,img_97,male
98,img_98,female
99,img_99,male
100,img_100,female
101,img_101,female
102,img_102,female
103,img_103,male
104,img_104,female
105,img_105,female
106,img_106,female
107,img_107,male
108,img_108,male
109,img_109,female
110,img_110,male
111,img_111,male
112,img_112,male
113,img_113,female
114,img_114,male
115,img_115,female
116,img_116,male
117,img_117,female
118,img_118,male
119,img_119,male
120,img_120,female
121,img_121,male
122,img_122,female
123,img_123,female
124,img_124,male
125,img_125,male
126,img_126,male
127,img_127,female
128,img_128,female
129,img_129,female
130,img_130,female
131,img_131,male
132,img_132,female
133,img_133,female
134,img_134,male
135,img_135,female
136,img_136,female
137,img_137,female
138,img_138,female
139,img_139,female
140,img_140,female
141,img_141,male
142,img_142,male
143,img_143,female
144,img_144,female
145,img_145,female
146,img_146,male
147,img_147,male
148,img_148,female
149,img_149,male
150,img_150,female
151,img_151,male
152,img_152,female
153,img_153,male
154,img_154,male
155,img_155,female
156,img_156,male
157,img_157,male
158,img_158,female
159,img_159,female
160,img_160,male
161,img_161,female
162,img_162,male
163,img_163,female
164,img_164,male
165,img_165,female
166,img_166,male
167,img_167,female
168,img_168,female
169,img_169,female
170,img_170,female
171,img_171,female
172,img_172,male
173,img_173,male
174,img_174,female
175,img_175,male
176,img_176,male
177,img_177,male
178,img_178,male
179,img_179,male
180,img_180,male
181,img_181,female
182,img_182,male
183,img_183,female
184,img_184,female
185,img_185,female
186,img_186,female
187,img_187,male
188,img_188,male
189,img_189,male
190,img_190,male
191,img_191,male
192,img_192,male
193,img_193,male
194,img_194,male
195,img_195,male
196,img_196,male
197,img_197,male
198,img_198,male
199,img_199,female
200,img_200,male
